iter	Logloss
0	0.683043815
1	0.6750092859
2	0.6685923526
3	0.6633708009
4	0.6591335467
5	0.655651612
6	0.6527265126
7	0.6502806512
8	0.6483487514
9	0.6467201036
10	0.6453291028
11	0.6441806457
12	0.6431018604
13	0.64214155
14	0.6413843146
15	0.6406444986
16	0.6399684485
17	0.6394304513
18	0.6389798722
19	0.6385119535
20	0.6381088786
21	0.6376880775
22	0.6373137319
23	0.6369016344
24	0.6365353075
25	0.6361955142
26	0.6358094166
27	0.635509582
