iter	Logloss
0	0.6830943677
1	0.6750034366
2	0.6685408218
3	0.6633559904
4	0.6590893598
5	0.6556628883
6	0.6527666555
7	0.6503559276
8	0.6484028389
9	0.646711679
10	0.6452471193
11	0.6441285853
12	0.6430630175
13	0.6422430811
14	0.6413977298
15	0.6406800919
16	0.6401004612
17	0.6395607349
18	0.6390416899
19	0.638573361
20	0.6381849507
21	0.6378278915
22	0.6374999655
23	0.6369937096
24	0.6365781437
25	0.6362300901
26	0.6359653059
27	0.6356495086
28	0.6354170842
29	0.6349444467
