iter	Logloss
0	0.683043815
1	0.6750092859
2	0.6685923526
3	0.6633708009
4	0.6591335467
5	0.655651612
6	0.6527265126
7	0.6502806512
8	0.6483487514
9	0.6467201036
10	0.6453291028
11	0.6441806457
12	0.6431018604
13	0.64214155
14	0.6413843146
15	0.6406444986
16	0.6399684485
17	0.6394304513
18	0.6389798722
19	0.6385119535
20	0.6381088786
21	0.6376880775
22	0.6373137319
23	0.6369016344
24	0.6365353075
25	0.6361955142
26	0.6358094166
27	0.635509582
28	0.6350390468
29	0.6347721289
30	0.6345521448
31	0.6342809326
32	0.6340382641
33	0.6337138472
34	0.633515447
35	0.6333140992
36	0.6330954674
37	0.6328584715
38	0.6326767205
39	0.6324250637
40	0.6322591927
41	0.6321183179
42	0.631888691
43	0.6317370978
44	0.6314220431
45	0.6312695324
46	0.63109381
47	0.6309042994
48	0.6306635971
49	0.6305296755
50	0.6303678955
51	0.6300837359
52	0.6298940109
53	0.6297501582
54	0.6295849311
55	0.6293728847
56	0.62925626
57	0.629118243
58	0.6290055705
59	0.6288623722
60	0.6286906149
61	0.6285429518
62	0.6283919106
63	0.6283083572
64	0.6282151831
65	0.6280759144
66	0.6279585076
67	0.6278200108
68	0.6277168171
69	0.6276161899
70	0.6275102278
71	0.6273944602
72	0.6272820846
73	0.6272009968
74	0.62709449
75	0.6269136931
76	0.6268139284
77	0.626701835
78	0.6266066875
79	0.626509218
80	0.6264323526
81	0.6263250556
82	0.6262340333
83	0.6261749074
84	0.6260707562
85	0.6260051688
86	0.625934974
87	0.6258008754
88	0.6256891613
89	0.6255724213
90	0.6254858631
91	0.6253744338
92	0.6252621803
93	0.6251683702
94	0.6251148011
95	0.6249968907
96	0.6249131244
97	0.6248248458
98	0.6247303389
99	0.624674681
100	0.6245983503
101	0.6245062381
102	0.6244593153
103	0.6243401282
104	0.6242857229
105	0.6242403747
106	0.6241222074
107	0.6240719418
108	0.6240240886
109	0.6239311922
110	0.6238544173
111	0.6237373701
112	0.6236737242
113	0.6235610803
114	0.623468293
115	0.6234029903
116	0.6233294521
