fold	iteration	training's binary_logloss	training's auc	valid_1's binary_logloss	valid_1's auc
0	1	 0.690743	 0.565546	 0.689665	 0.542029
0	2	 0.688644	 0.565546	 0.688197	 0.542029
1	1	 0.690659	 0.566677	 0.689513	 0.546934
1	2	 0.689062	 0.566677	 0.687267	 0.546934
