fold	iteration	training's binary_logloss	training's auc	valid_1's binary_logloss	valid_1's auc
0	1	 0.690743	 0.565546	 0.689665	 0.542029
0	2	 0.688644	 0.565546	 0.688197	 0.542029
1	1	 0.690659	 0.566677	 0.689513	 0.546934
1	2	 0.689062	 0.566677	 0.687267	 0.546934
2	1	 0.689178	 0.565986	 0.693897	 0.573106
2	2	 0.686879	 0.565986	 0.692815	 0.573106
3	1	 0.689394	 0.566707	 0.695051	 0.54611
3	2	 0.687679	 0.623904	 0.694536	 0.606705
4	1	 0.690523	 0.555405	 0.689615	 0.587386
4	2	 0.688755	 0.555405	 0.687657	 0.587386
