fold	iteration	training's binary_logloss	training's auc	valid_1's binary_logloss	valid_1's auc
0	1	 0.68533	 0.64879	 0.686558	 0.585973
0	2	 0.678824	 0.652551	 0.68322	 0.594149
1	1	 0.68571	 0.647995	 0.685463	 0.594994
1	2	 0.67976	 0.656639	 0.680956	 0.622778
2	1	 0.684262	 0.657245	 0.690606	 0.627652
2	2	 0.678063	 0.657245	 0.68711	 0.627652
3	1	 0.683838	 0.646273	 0.693301	 0.60759
3	2	 0.677663	 0.650738	 0.688803	 0.60797
4	1	 0.68566	 0.638199	 0.686001	 0.641971
4	2	 0.679572	 0.653598	 0.681211	 0.629559
