fold 	 iteration             	 train BCELoss 	 valid AUC             	 valid BCELoss 	 valid AUC
0	0	0.7316252263197558	0.6861754466035512	0.48320014893686514	0.5449842285846402
0	1	0.7129667204024915	0.6914882127133162	0.5142771277054318	0.4960857121251123
0	2	0.6976183555069344	0.6902005079738255	0.530209788863487	0.5023537939077486
0	3	0.7004232700877571	0.6833186179565984	0.5110138057404437	0.5402165143491224
0	4	0.6913499106531558	0.6984033930901042	0.5285954419447184	0.485266859965478
0	5	0.6913941475820073	0.6875597867885781	0.5491658169518255	0.5216657856175645
0	6	0.6973824939085759	0.6914583744283495	0.5450893587378587	0.5388571236336599
0	7	0.691718185683621	0.6841822259918937	0.5381673003381088	0.5227349017410763
0	8	0.6864265643196052	0.6938224255039706	0.5913600602431209	0.5483187636304366
0	9	0.6843382630909978	0.6893085417800775	0.5797354789572515	0.5368694514019419
0	10	0.6933467760995594	0.6862750809285894	0.5603198338431883	0.531143280908056
0	11	0.6888304282538854	0.686593663093098	0.5759786649360639	0.51864277706677
0	12	0.6868693729938331	0.6856194528121522	0.5611511607805556	0.517663155394705
0	13	0.6925019972956364	0.685325864973015	0.5488043611613405	0.5240046951969916
0	14	0.6938916151353052	0.6958337412866135	0.5518218824589021	0.5385053665338876
0	15	0.6949657437510444	0.6908786330143166	0.5406867711567254	0.48131546326194957
0	16	0.690632432824599	0.686705054184578	0.5692819688471211	0.5087776389378859
0	17	0.6908626714394771	0.6829539384255862	0.5704712477301589	0.5447894251848971
0	18	0.6927421194139403	0.6916609889302174	0.5555176250069628	0.5363330640087476
