fold 	 iteration         	 train BCELoss 	 valid AUC         	 valid BCELoss 	 valid AUC
0	0	0.7142370672580404	0.814211286313041	0.5414711129813822	0.5064486168867234
0	1	0.7262842879221784	0.6949610823359569	0.5260260953376208	0.497924132289025
0	2	0.7171315227283837	0.6915047381843269	0.4850515373610492	0.5032925509917572
0	3	0.7034290242328884	0.6967464871912695	0.5064693660816526	0.5109765295960532
0	4	0.6925650374417887	0.6902075839442248	0.5564231989323933	0.5542326878257486
0	5	0.6969636064257896	0.6926373296609803	0.5308160962730344	0.5267217957970678
0	6	0.6896435984555334	0.6857410609389151	0.548036433827297	0.5106575054531538
0	7	0.6812923833163557	0.6889752649062173	0.5985334290414859	0.5315521756495
0	8	0.6895510354516884	0.6925668839635796	0.5620951254395168	0.5434942218094232
0	9	0.692137613788059	0.6945634870555814	0.5329839705224532	0.5197907412917705
0	10	0.6854579201252898	0.6977832650339137	0.59408819182483	0.5241895800628527
0	11	0.6751980206407973	0.6949830980940238	0.6037982211029463	0.5618179584145476
0	12	0.6980337180395781	0.6819416421085762	0.5627371344188253	0.5458314326073808
0	13	0.6929520580912372	0.6880207994130737	0.5419825922840481	0.5740353858627896
0	14	0.6881350763716838	0.6862302529079288	0.5699795487838754	0.5777795499936047
0	15	0.6902702938958606	0.6810674450916951	0.5869686082722179	0.5634281552026333
0	16	0.6936010069633098	0.6926931805450823	0.5489377297202174	0.5138733558904097
0	17	0.6877692738890147	0.6838271145048088	0.5860775967762972	0.5361926877069482
0	18	0.6916591735742202	0.6847741903539476	0.5439887450211837	0.5521828395394994
0	19	0.6879440138918488	0.6923148055982323	0.5669515393138814	0.5181852296156912
0	20	0.6811879727817016	0.6914324137751616	0.5974583174391476	0.5267489436630864
0	21	0.6895482474089003	0.6900324415228221	0.5898616569873426	0.5046835992587243
0	22	0.6887033460518086	0.6868439336728783	0.5613920303101873	0.5196547000648735
0	23	0.6843054502742655	0.6987853443156408	0.5823112460163311	0.5166463522755789
0	24	0.6914693823536181	0.692524201710131	0.5297858614058424	0.49828023099119834
0	25	0.689760530647021	0.6910729308368108	0.5688653562798318	0.511371043442493
