fold 	 iteration         	 train BCELoss 	 valid AUC         	 valid BCELoss 	 valid AUC
0	0	0.6622001604567983	0.6559139330615561	0.6526447557639747	0.6766262059302272
