fold 	 iteration         	 train BCELoss 	 valid BCELoss         	 train AUC 	 valid AUC
0	0	0.6614631948336467	0.6669830861668656	0.6643117108749813	0.6769282416632544
0	1	0.6574889689450809	0.6569366953653182	0.6717029673860857	0.6773363095216742
0	2	0.6559222315119323	0.6885043470613631	0.6742473450666184	0.6811230413869183
0	3	0.6554204838414526	0.6694430266888346	0.6755875124415269	0.6808627904579667
0	4	0.6546775382654387	0.6465243697682885	0.6766528799320576	0.6830650786313633
