fold	iteration	training's auc	training's auc	valid_1's auc	valid_1's auc
0	1	 0.702877	 0.699658	 0.617144	 0.610884
0	2	 0.733753	 0.734465	 0.609479	 0.608329
0	3	 0.741729	 0.74287	 0.611842	 0.610884
0	4	 0.747313	 0.747836	 0.623403	 0.620848
0	5	 0.749485	 0.751928	 0.616952	 0.618421
0	6	 0.760856	 0.761002	 0.605774	 0.60603
0	7	 0.769552	 0.769682	 0.602644	 0.602197
0	8	 0.78343	 0.783548	 0.59696	 0.597215
0	9	 0.78533	 0.78524	 0.595746	 0.59581
0	10	 0.789981	 0.789993	 0.595427	 0.595554
