fold	iteration	training's binary_logloss	training's auc	valid_1's binary_logloss	valid_1's auc
0	1	 0.676989	 0.735945	 0.685447	 0.592744
0	2	 0.664303	 0.760348	 0.682149	 0.595427
0	3	 0.652564	 0.773593	 0.682166	 0.583291
0	4	 0.642504	 0.77645	 0.681015	 0.586484
0	5	 0.633118	 0.782249	 0.678597	 0.590445
0	6	 0.6224	 0.803371	 0.674424	 0.603475
0	7	 0.612229	 0.812925	 0.67175	 0.610756
0	8	 0.604018	 0.820456	 0.670476	 0.613439
0	9	 0.595833	 0.830812	 0.671166	 0.617144
0	10	 0.588218	 0.837069	 0.66826	 0.628258
1	1	 0.679635	 0.704988	 0.689027	 0.544431
1	2	 0.66609	 0.752076	 0.687189	 0.562453
1	3	 0.655911	 0.759483	 0.681105	 0.587985
1	4	 0.647297	 0.762548	 0.680123	 0.593617
1	5	 0.637801	 0.774722	 0.678282	 0.599625
1	6	 0.628716	 0.784217	 0.674625	 0.603004
1	7	 0.61925	 0.797833	 0.673627	 0.60801
1	8	 0.611424	 0.802592	 0.674865	 0.601001
1	9	 0.603694	 0.815326	 0.674589	 0.600125
1	10	 0.59484	 0.831172	 0.677	 0.593242
2	1	 0.674805	 0.739527	 0.694451	 0.527778
2	2	 0.659018	 0.771111	 0.69634	 0.511616
2	3	 0.646805	 0.781026	 0.69617	 0.523485
2	4	 0.635203	 0.793812	 0.695603	 0.536869
2	5	 0.624526	 0.800076	 0.696784	 0.530429
2	6	 0.61544	 0.813547	 0.698221	 0.528788
2	7	 0.606103	 0.81837	 0.701725	 0.52803
2	8	 0.597592	 0.82435	 0.703196	 0.525379
2	9	 0.588995	 0.834532	 0.703207	 0.529924
2	10	 0.58086	 0.838466	 0.705233	 0.530556
