fold	iteration	training's binary_logloss	training's auc	valid_1's binary_logloss	valid_1's auc
0	1	 0.676874	 0.736087	 0.68582	 0.594021
0	2	 0.664205	 0.760002	 0.682799	 0.589167
0	3	 0.652164	 0.776088	 0.683701	 0.578181
