fold 	 iteration         	 train BCELoss 	 valid BCELoss         	 train AUC 	 valid AUC
0	0	0.6986891039412603	0.6925962004113486	0.5115432083746727	0.5245736852005097
