fold	iteration	training's binary_logloss	training's auc	valid_1's binary_logloss	valid_1's auc
0	1	 0.691698	 0.536098	 0.690965	 0.502427
0	2	 0.690461	 0.536098	 0.69069	 0.502427
