fold	iteration	training's binary_logloss	training's auc	valid_1's binary_logloss	valid_1's auc
0	1	 0.69099	 0.583606	 0.691115	 0.528232
0	2	 0.689586	 0.602564	 0.691479	 0.526571
0	3	 0.687127	 0.623418	 0.690381	 0.539729
0	4	 0.685408	 0.630438	 0.688907	 0.567833
0	5	 0.683931	 0.645642	 0.689408	 0.538324
0	6	 0.682911	 0.640999	 0.689886	 0.532575
0	7	 0.681551	 0.646106	 0.68877	 0.541773
0	8	 0.678913	 0.657084	 0.687765	 0.55327
0	9	 0.676808	 0.662435	 0.688505	 0.545733
0	10	 0.675252	 0.662011	 0.68802	 0.544073
1	1	 0.690128	 0.578355	 0.691453	 0.535419
1	2	 0.688949	 0.606304	 0.691231	 0.518273
1	3	 0.686165	 0.625112	 0.691026	 0.525657
1	4	 0.68424	 0.63627	 0.690218	 0.52766
1	5	 0.683631	 0.640414	 0.690323	 0.526408
1	6	 0.682407	 0.643952	 0.690979	 0.515645
1	7	 0.681427	 0.64519	 0.689285	 0.536421
1	8	 0.679164	 0.653707	 0.689266	 0.534293
1	9	 0.677384	 0.653558	 0.688611	 0.543805
1	10	 0.675681	 0.65481	 0.687327	 0.555319
2	1	 0.688988	 0.585626	 0.694228	 0.525631
2	2	 0.688141	 0.608216	 0.692979	 0.557449
2	3	 0.685731	 0.62186	 0.690967	 0.587121
2	4	 0.683938	 0.631987	 0.689616	 0.591919
2	5	 0.682941	 0.638447	 0.689091	 0.594697
2	6	 0.682074	 0.636276	 0.68927	 0.584596
2	7	 0.68081	 0.639368	 0.688935	 0.576263
2	8	 0.678189	 0.655798	 0.688188	 0.585859
2	9	 0.67591	 0.664044	 0.688003	 0.577273
2	10	 0.674449	 0.663548	 0.687179	 0.580934
3	1	 0.688867	 0.581877	 0.697719	 0.535737
3	2	 0.687117	 0.615839	 0.698075	 0.490955
3	3	 0.684895	 0.630575	 0.695359	 0.543327
3	4	 0.683374	 0.640862	 0.69386	 0.57685
3	5	 0.682109	 0.643705	 0.694731	 0.555598
3	6	 0.681501	 0.643075	 0.694324	 0.560784
3	7	 0.679867	 0.646918	 0.69524	 0.536116
3	8	 0.677893	 0.656197	 0.694035	 0.564326
3	9	 0.676015	 0.662009	 0.694151	 0.5642
3	10	 0.674882	 0.663332	 0.693391	 0.571031
4	1	 0.690496	 0.581584	 0.690222	 0.552938
4	2	 0.689236	 0.596661	 0.690047	 0.550405
4	3	 0.685723	 0.632503	 0.689748	 0.539767
4	4	 0.68397	 0.643997	 0.688454	 0.558764
4	5	 0.683002	 0.651422	 0.688167	 0.56079
4	6	 0.682489	 0.645427	 0.687344	 0.567882
4	7	 0.680945	 0.65033	 0.686627	 0.58194
4	8	 0.67841	 0.663977	 0.686586	 0.563703
4	9	 0.676378	 0.669398	 0.685414	 0.575861
4	10	 0.674716	 0.667874	 0.685222	 0.570289
