fold	iteration	training's binary_logloss	training's auc	valid_1's binary_logloss	valid_1's auc
0	1	 0.690649	 0.583842	 0.691771	 0.487225
0	2	 0.688061	 0.62212	 0.690948	 0.521206
0	3	 0.685963	 0.617996	 0.69043	 0.510347
1	1	 0.690597	 0.586967	 0.693116	 0.468085
1	2	 0.687897	 0.602939	 0.69371	 0.472841
1	3	 0.684827	 0.623836	 0.692549	 0.50438
2	1	 0.690161	 0.567473	 0.69415	 0.563131
2	2	 0.687191	 0.610671	 0.69274	 0.560101
2	3	 0.68478	 0.61197	 0.690961	 0.574116
3	1	 0.689429	 0.577238	 0.698517	 0.473624
3	2	 0.687447	 0.601378	 0.696693	 0.531689
3	3	 0.684934	 0.62544	 0.696161	 0.527641
4	1	 0.69043	 0.576956	 0.691725	 0.48075
4	2	 0.688185	 0.599678	 0.690776	 0.52305
4	3	 0.685875	 0.62599	 0.688811	 0.547112
