fold	iteration	training's binary_logloss	training's auc	valid_1's binary_logloss	valid_1's auc
0	1	 0.682429	 0.686202	 0.682862	 0.679079
0	2	 0.6737	 0.688212	 0.674489	 0.681225
0	3	 0.66637	 0.690148	 0.66746	 0.682958
0	4	 0.660268	 0.691964	 0.661548	 0.68522
0	5	 0.655178	 0.692697	 0.656709	 0.685858
0	6	 0.650746	 0.693692	 0.652491	 0.686906
0	7	 0.647028	 0.694633	 0.648936	 0.688055
0	8	 0.643749	 0.69563	 0.645876	 0.688806
0	9	 0.641089	 0.696264	 0.643281	 0.689686
0	10	 0.638715	 0.696986	 0.641052	 0.690373
1	1	 0.6825	 0.685057	 0.682492	 0.685028
1	2	 0.673862	 0.6876	 0.67385	 0.687499
1	3	 0.666669	 0.689255	 0.666665	 0.689102
1	4	 0.660588	 0.690641	 0.660585	 0.690472
1	5	 0.65561	 0.691516	 0.655613	 0.691315
1	6	 0.651282	 0.692671	 0.651295	 0.692442
1	7	 0.647536	 0.693603	 0.647551	 0.693391
1	8	 0.644439	 0.694276	 0.644459	 0.694043
1	9	 0.641675	 0.695141	 0.641701	 0.694916
1	10	 0.639324	 0.696055	 0.639361	 0.695813
2	1	 0.682544	 0.684817	 0.68258	 0.684072
2	2	 0.673942	 0.686689	 0.674009	 0.685932
2	3	 0.666793	 0.688809	 0.666883	 0.688083
2	4	 0.660866	 0.689476	 0.66098	 0.688762
2	5	 0.655817	 0.690513	 0.655954	 0.689786
2	6	 0.651647	 0.691129	 0.651819	 0.690351
2	7	 0.647979	 0.692206	 0.648173	 0.69141
2	8	 0.644971	 0.692716	 0.645183	 0.69192
2	9	 0.642231	 0.693622	 0.642467	 0.692798
2	10	 0.63989	 0.69457	 0.640131	 0.693788
