fold	iteration	training's binary_logloss	training's auc	valid_1's binary_logloss	valid_1's auc
0	1	 0.691697	 0.544581	 0.690563	 0.522994
0	2	 0.690447	 0.597598	 0.69055	 0.525038
0	3	 0.689293	 0.597598	 0.689952	 0.525038
